{
  "0": {
    "x": -1.3778359891498333,
    "y": -1.2512631980777456
  },
  "1": {
    "x": -2.2061613033105836,
    "y": 5.421655003310288
  },
  "2": {
    "x": 9.016541940909052,
    "y": -1.3727296883437168
  }
}